,시가,고가,저가,종가,거래량,거래대금,등락률,날짜,종목코드,종목명,BPS,PER,PBR,EPS,DIV,DPS
172,11370,11880,11370,11840,1442069,16899667150,1.63,20240201,034220,LG디스플레이,25521.0,0.0,0.46,0.0,0.0,0.0
182,426500,433000,417000,430000,312842,133027513500,-1.04,20240201,051910,LG화학,445524.0,18.17,0.97,23670.0,2.33,10000.0
776,49200,51500,48600,51000,131878,6708546950,2.51,20240201,004000,롯데정밀화학,90075.0,8.89,0.57,5738.0,6.86,3500.0
782,129400,140800,129300,140100,214326,29734932700,7.19,20240201,011170,롯데케미칼,404799.0,81.64,0.35,1716.0,2.5,3500.0
1040,73000,74200,72900,73600,19881033,1460989435744,1.24,20240201,005930,삼성전자,57822.0,9.13,1.27,8057.0,1.96,1444.0
1046,32850,35000,32750,34900,651870,22504800100,5.76,20240201,029780,삼성카드,73934.0,5.99,0.47,5831.0,7.16,2500.0
1269,170900,179200,170900,178600,140228,24781777500,3.6,20240201,004170,신세계,418209.0,4.33,0.43,41282.0,2.1,3750.0
1895,76100,81100,76000,79100,858143,68190331400,1.67,20240201,139480,이마트,418373.0,2.11,0.19,37528.0,2.53,2000.0
2145,51900,53100,51500,52700,1422821,74686139900,0.38,20240201,035720,카카오,22893.0,16.97,2.3,3106.0,0.11,60.0
2147,26800,27250,26500,26850,1088283,29111648300,-1.65,20240201,323410,카카오뱅크,11988.0,48.55,2.24,553.0,0.3,80.0
2962,11740,11940,11740,11890,1224585,14529043230,0.42,20240202,034220,LG디스플레이,25521.0,0.0,0.47,0.0,0.0,0.0
2972,451000,468500,433000,461000,679677,309922167500,7.21,20240202,051910,LG화학,445524.0,19.48,1.03,23670.0,2.17,10000.0
3566,51100,51800,50200,51100,102245,5230229800,0.2,20240202,004000,롯데정밀화학,90075.0,8.91,0.57,5738.0,6.85,3500.0
3572,138600,138700,131300,132500,321077,42692525900,-5.42,20240202,011170,롯데케미칼,404799.0,77.21,0.33,1716.0,2.64,3500.0
3830,74000,75200,73700,75200,14955881,1116696087686,2.17,20240202,005930,삼성전자,57822.0,9.33,1.3,8057.0,1.92,1444.0
3836,34650,35050,34100,34800,243031,8456391650,-0.29,20240202,029780,삼성카드,73934.0,5.97,0.47,5831.0,7.18,2500.0
4059,178100,181800,175900,179900,87655,15699119300,0.73,20240202,004170,신세계,418209.0,4.36,0.43,41282.0,2.08,3750.0
4685,79900,88500,79400,87400,1755378,148415105300,10.49,20240202,139480,이마트,418373.0,2.33,0.21,37528.0,2.29,2000.0
4935,53800,56600,53700,56300,2428683,135058800100,6.83,20240202,035720,카카오,22893.0,18.13,2.46,3106.0,0.11,60.0
4937,27250,29600,27150,29300,2664997,76876558350,9.12,20240202,323410,카카오뱅크,11988.0,52.98,2.44,553.0,0.27,80.0
5753,0,0,0,0,0,0,0.0,20240203,034220,LG디스플레이,0.0,0.0,0.0,0.0,0.0,0.0
5763,0,0,0,0,0,0,0.0,20240203,051910,LG화학,0.0,0.0,0.0,0.0,0.0,0.0
6357,0,0,0,0,0,0,0.0,20240203,004000,롯데정밀화학,0.0,0.0,0.0,0.0,0.0,0.0
6363,0,0,0,0,0,0,0.0,20240203,011170,롯데케미칼,0.0,0.0,0.0,0.0,0.0,0.0
6621,0,0,0,0,0,0,0.0,20240203,005930,삼성전자,0.0,0.0,0.0,0.0,0.0,0.0
6627,0,0,0,0,0,0,0.0,20240203,029780,삼성카드,0.0,0.0,0.0,0.0,0.0,0.0
6850,0,0,0,0,0,0,0.0,20240203,004170,신세계,0.0,0.0,0.0,0.0,0.0,0.0
7476,0,0,0,0,0,0,0.0,20240203,139480,이마트,0.0,0.0,0.0,0.0,0.0,0.0
7726,0,0,0,0,0,0,0.0,20240203,035720,카카오,0.0,0.0,0.0,0.0,0.0,0.0
7728,0,0,0,0,0,0,0.0,20240203,323410,카카오뱅크,0.0,0.0,0.0,0.0,0.0,0.0
8544,0,0,0,0,0,0,0.0,20240204,034220,LG디스플레이,0.0,0.0,0.0,0.0,0.0,0.0
8554,0,0,0,0,0,0,0.0,20240204,051910,LG화학,0.0,0.0,0.0,0.0,0.0,0.0
9148,0,0,0,0,0,0,0.0,20240204,004000,롯데정밀화학,0.0,0.0,0.0,0.0,0.0,0.0
9154,0,0,0,0,0,0,0.0,20240204,011170,롯데케미칼,0.0,0.0,0.0,0.0,0.0,0.0
9412,0,0,0,0,0,0,0.0,20240204,005930,삼성전자,0.0,0.0,0.0,0.0,0.0,0.0
9418,0,0,0,0,0,0,0.0,20240204,029780,삼성카드,0.0,0.0,0.0,0.0,0.0,0.0
9641,0,0,0,0,0,0,0.0,20240204,004170,신세계,0.0,0.0,0.0,0.0,0.0,0.0
10267,0,0,0,0,0,0,0.0,20240204,139480,이마트,0.0,0.0,0.0,0.0,0.0,0.0
10517,0,0,0,0,0,0,0.0,20240204,035720,카카오,0.0,0.0,0.0,0.0,0.0,0.0
10519,0,0,0,0,0,0,0.0,20240204,323410,카카오뱅크,0.0,0.0,0.0,0.0,0.0,0.0
11335,11730,11870,11640,11690,1125627,13175838820,-1.68,20240205,034220,LG디스플레이,25521.0,0.0,0.46,0.0,0.0,0.0
11345,465500,477500,456500,467000,487996,228524587000,1.3,20240205,051910,LG화학,445524.0,19.73,1.05,23670.0,2.14,10000.0
11939,51200,51500,50300,51100,64340,3269780000,0.0,20240205,004000,롯데정밀화학,90075.0,8.91,0.57,5738.0,6.85,3500.0
11945,132000,133200,130000,132000,100987,13296412200,-0.38,20240205,011170,롯데케미칼,404799.0,76.92,0.33,1716.0,2.65,3500.0
12203,74200,74800,73500,74300,19026021,1407991610817,-1.2,20240205,005930,삼성전자,57822.0,9.22,1.28,8057.0,1.94,1444.0
12209,34500,34800,33800,34450,126727,4340789000,-1.01,20240205,029780,삼성카드,73934.0,5.91,0.47,5831.0,7.26,2500.0
12432,180200,182700,178100,182000,58500,10566754100,1.17,20240205,004170,신세계,418209.0,4.41,0.44,41282.0,2.06,3750.0
13058,86500,88000,84500,87800,723106,62729281300,0.46,20240205,139480,이마트,418373.0,2.34,0.21,37528.0,2.28,2000.0
13308,57000,57400,54600,55000,1564624,86629285500,-2.31,20240205,035720,카카오,22893.0,17.71,2.4,3106.0,0.11,60.0
13310,29050,29050,27300,27500,1604228,44522255150,-6.14,20240205,323410,카카오뱅크,11988.0,49.73,2.29,553.0,0.29,80.0
14126,11620,11750,11340,11460,1347149,15515884030,-1.97,20240206,034220,LG디스플레이,25521.0,0.0,0.45,0.0,0.0,0.0
14136,454000,470000,453000,462500,311282,143928075500,-0.96,20240206,051910,LG화학,445524.0,19.54,1.04,23670.0,2.16,10000.0
14730,50700,51200,50400,50700,45167,2296835800,-0.78,20240206,004000,롯데정밀화학,90075.0,8.84,0.56,5738.0,6.9,3500.0
14736,130700,133600,130600,132400,65735,8694867700,0.3,20240206,011170,롯데케미칼,404799.0,77.16,0.33,1716.0,2.64,3500.0
14994,74300,74700,73300,74400,14559254,1079406742676,0.13,20240206,005930,삼성전자,57822.0,9.23,1.29,8057.0,1.94,1444.0
15000,34150,34750,34000,34150,62390,2141105500,-0.87,20240206,029780,삼성카드,73934.0,5.86,0.46,5831.0,7.32,2500.0
15224,181500,182700,177400,177800,38539,6913981400,-2.31,20240206,004170,신세계,418209.0,4.31,0.43,41282.0,2.11,3750.0
15851,86600,87700,82000,83200,526916,44567585000,-5.24,20240206,139480,이마트,418373.0,2.22,0.2,37528.0,2.4,2000.0
16101,54500,55000,53800,54000,982600,53211450500,-1.82,20240206,035720,카카오,22893.0,17.39,2.36,3106.0,0.11,60.0
16103,27500,27750,26950,27300,811187,22091180700,-0.73,20240206,323410,카카오뱅크,11988.0,49.37,2.28,553.0,0.29,80.0
16919,11580,11610,11350,11500,955327,10983523140,0.35,20240207,034220,LG디스플레이,25521.0,0.0,0.45,0.0,0.0,0.0
16929,464500,474500,456000,463500,363161,171015416500,0.22,20240207,051910,LG화학,445524.0,19.58,1.04,23670.0,2.16,10000.0
17523,51300,51600,50400,51200,70232,3581736500,0.99,20240207,004000,롯데정밀화학,90075.0,8.92,0.57,5738.0,6.84,3500.0
17529,134000,138500,132800,137400,134028,18305836200,3.78,20240207,011170,롯데케미칼,404799.0,80.07,0.34,1716.0,2.55,3500.0
17787,74600,75500,74300,75000,16566445,1241375169523,0.81,20240207,005930,삼성전자,57822.0,9.31,1.3,8057.0,1.93,1444.0
17793,34500,35050,34100,35000,150218,5213653850,2.49,20240207,029780,삼성카드,73934.0,6.0,0.47,5831.0,7.14,2500.0
18017,177900,187300,177900,185400,93727,17183994600,4.27,20240207,004170,신세계,418209.0,4.49,0.44,41282.0,2.02,3750.0
18644,83300,85500,82900,85300,297796,25202945000,2.52,20240207,139480,이마트,418373.0,2.27,0.2,37528.0,2.34,2000.0
18894,54400,55700,53600,53800,1256600,68522668700,-0.37,20240207,035720,카카오,22893.0,17.32,2.35,3106.0,0.11,60.0
18896,28000,31050,27950,28400,6674910,197036495150,4.03,20240207,323410,카카오뱅크,11988.0,51.36,2.37,553.0,0.28,80.0
19712,11600,11740,11460,11740,1981033,23081002160,2.09,20240208,034220,LG디스플레이,25521.0,0.0,0.46,0.0,0.0,0.0
19722,489000,489000,470500,470500,768536,367356712500,1.51,20240208,051910,LG화학,445524.0,19.88,1.06,23670.0,2.13,10000.0
20316,51200,51300,49900,49950,86206,4332023800,-2.44,20240208,004000,롯데정밀화학,90075.0,8.71,0.55,5738.0,7.01,3500.0
20322,136800,136800,132800,134700,128897,17342237600,-1.97,20240208,011170,롯데케미칼,404799.0,78.5,0.33,1716.0,2.6,3500.0
20580,75000,75200,73600,74100,20810708,1545421527910,-1.2,20240208,005930,삼성전자,57822.0,9.2,1.28,8057.0,1.95,1444.0
20586,34900,36100,34850,35400,262029,9332841450,1.14,20240208,029780,삼성카드,73934.0,6.07,0.48,5831.0,7.06,2500.0
20810,186900,189500,184900,186900,99820,18762222900,0.81,20240208,004170,신세계,418209.0,4.53,0.45,41282.0,2.01,3750.0
21437,85400,86000,83900,85100,239976,20364770500,-0.23,20240208,139480,이마트,418373.0,2.27,0.2,37528.0,2.35,2000.0
21687,54500,54700,53700,54000,1532750,82902332000,0.37,20240208,035720,카카오,22893.0,17.39,2.36,3106.0,0.11,60.0
21689,28400,29750,28250,29100,2480031,72474201150,2.46,20240208,323410,카카오뱅크,11988.0,52.62,2.43,553.0,0.27,80.0
22505,0,0,0,0,0,0,0.0,20240209,034220,LG디스플레이,0.0,0.0,0.0,0.0,0.0,0.0
22515,0,0,0,0,0,0,0.0,20240209,051910,LG화학,0.0,0.0,0.0,0.0,0.0,0.0
23109,0,0,0,0,0,0,0.0,20240209,004000,롯데정밀화학,0.0,0.0,0.0,0.0,0.0,0.0
23115,0,0,0,0,0,0,0.0,20240209,011170,롯데케미칼,0.0,0.0,0.0,0.0,0.0,0.0
23373,0,0,0,0,0,0,0.0,20240209,005930,삼성전자,0.0,0.0,0.0,0.0,0.0,0.0
23379,0,0,0,0,0,0,0.0,20240209,029780,삼성카드,0.0,0.0,0.0,0.0,0.0,0.0
23603,0,0,0,0,0,0,0.0,20240209,004170,신세계,0.0,0.0,0.0,0.0,0.0,0.0
24230,0,0,0,0,0,0,0.0,20240209,139480,이마트,0.0,0.0,0.0,0.0,0.0,0.0
24480,0,0,0,0,0,0,0.0,20240209,035720,카카오,0.0,0.0,0.0,0.0,0.0,0.0
24482,0,0,0,0,0,0,0.0,20240209,323410,카카오뱅크,0.0,0.0,0.0,0.0,0.0,0.0
25298,0,0,0,0,0,0,0.0,20240210,034220,LG디스플레이,0.0,0.0,0.0,0.0,0.0,0.0
25308,0,0,0,0,0,0,0.0,20240210,051910,LG화학,0.0,0.0,0.0,0.0,0.0,0.0
25902,0,0,0,0,0,0,0.0,20240210,004000,롯데정밀화학,0.0,0.0,0.0,0.0,0.0,0.0
25908,0,0,0,0,0,0,0.0,20240210,011170,롯데케미칼,0.0,0.0,0.0,0.0,0.0,0.0
26166,0,0,0,0,0,0,0.0,20240210,005930,삼성전자,0.0,0.0,0.0,0.0,0.0,0.0
26172,0,0,0,0,0,0,0.0,20240210,029780,삼성카드,0.0,0.0,0.0,0.0,0.0,0.0
26396,0,0,0,0,0,0,0.0,20240210,004170,신세계,0.0,0.0,0.0,0.0,0.0,0.0
27023,0,0,0,0,0,0,0.0,20240210,139480,이마트,0.0,0.0,0.0,0.0,0.0,0.0
27273,0,0,0,0,0,0,0.0,20240210,035720,카카오,0.0,0.0,0.0,0.0,0.0,0.0
27275,0,0,0,0,0,0,0.0,20240210,323410,카카오뱅크,0.0,0.0,0.0,0.0,0.0,0.0
28091,0,0,0,0,0,0,0.0,20240211,034220,LG디스플레이,0.0,0.0,0.0,0.0,0.0,0.0
28101,0,0,0,0,0,0,0.0,20240211,051910,LG화학,0.0,0.0,0.0,0.0,0.0,0.0
28695,0,0,0,0,0,0,0.0,20240211,004000,롯데정밀화학,0.0,0.0,0.0,0.0,0.0,0.0
28701,0,0,0,0,0,0,0.0,20240211,011170,롯데케미칼,0.0,0.0,0.0,0.0,0.0,0.0
28959,0,0,0,0,0,0,0.0,20240211,005930,삼성전자,0.0,0.0,0.0,0.0,0.0,0.0
28965,0,0,0,0,0,0,0.0,20240211,029780,삼성카드,0.0,0.0,0.0,0.0,0.0,0.0
29189,0,0,0,0,0,0,0.0,20240211,004170,신세계,0.0,0.0,0.0,0.0,0.0,0.0
29816,0,0,0,0,0,0,0.0,20240211,139480,이마트,0.0,0.0,0.0,0.0,0.0,0.0
30066,0,0,0,0,0,0,0.0,20240211,035720,카카오,0.0,0.0,0.0,0.0,0.0,0.0
30068,0,0,0,0,0,0,0.0,20240211,323410,카카오뱅크,0.0,0.0,0.0,0.0,0.0,0.0
30884,0,0,0,0,0,0,0.0,20240212,034220,LG디스플레이,0.0,0.0,0.0,0.0,0.0,0.0
30894,0,0,0,0,0,0,0.0,20240212,051910,LG화학,0.0,0.0,0.0,0.0,0.0,0.0
31488,0,0,0,0,0,0,0.0,20240212,004000,롯데정밀화학,0.0,0.0,0.0,0.0,0.0,0.0
31494,0,0,0,0,0,0,0.0,20240212,011170,롯데케미칼,0.0,0.0,0.0,0.0,0.0,0.0
31752,0,0,0,0,0,0,0.0,20240212,005930,삼성전자,0.0,0.0,0.0,0.0,0.0,0.0
31758,0,0,0,0,0,0,0.0,20240212,029780,삼성카드,0.0,0.0,0.0,0.0,0.0,0.0
31982,0,0,0,0,0,0,0.0,20240212,004170,신세계,0.0,0.0,0.0,0.0,0.0,0.0
32609,0,0,0,0,0,0,0.0,20240212,139480,이마트,0.0,0.0,0.0,0.0,0.0,0.0
32859,0,0,0,0,0,0,0.0,20240212,035720,카카오,0.0,0.0,0.0,0.0,0.0,0.0
32861,0,0,0,0,0,0,0.0,20240212,323410,카카오뱅크,0.0,0.0,0.0,0.0,0.0,0.0
33677,11780,11790,11600,11740,996709,11691971600,0.0,20240213,034220,LG디스플레이,25521.0,0.0,0.46,0.0,0.0,0.0
33687,473000,475000,469500,471000,379733,179071633073,0.11,20240213,051910,LG화학,445524.0,19.9,1.06,23670.0,2.12,10000.0
34281,50400,50800,48900,48950,111071,5495202500,-2.0,20240213,004000,롯데정밀화학,90075.0,8.53,0.54,5738.0,7.15,3500.0
34287,135700,136400,133100,134600,101956,13697252500,-0.07,20240213,011170,롯데케미칼,404799.0,78.44,0.33,1716.0,2.6,3500.0
34545,74800,75200,74400,75200,21966745,1645918689800,1.48,20240213,005930,삼성전자,57822.0,9.33,1.3,8057.0,1.92,1444.0
34551,35950,36900,35850,36200,229322,8341050500,2.26,20240213,029780,삼성카드,73934.0,6.21,0.49,5831.0,6.91,2500.0
34775,187000,189700,183100,186800,65360,12159802400,-0.05,20240213,004170,신세계,418209.0,4.52,0.45,41282.0,2.01,3750.0
35402,84100,84800,80500,80800,476152,38863696800,-5.05,20240213,139480,이마트,418373.0,2.15,0.19,37528.0,2.48,2000.0
35652,54000,55300,54000,54700,957145,52384826200,1.3,20240213,035720,카카오,22893.0,17.61,2.39,3106.0,0.11,60.0
35654,29450,30000,29450,29700,1450726,43169943450,2.06,20240213,323410,카카오뱅크,11988.0,53.71,2.48,553.0,0.27,80.0
36470,11670,11900,11650,11800,1004154,11846531570,0.51,20240214,034220,LG디스플레이,25521.0,0.0,0.46,0.0,0.0,0.0
36480,460500,463500,449000,461000,323305,147647118000,-2.12,20240214,051910,LG화학,445524.0,19.48,1.03,23670.0,2.17,10000.0
37074,48800,49150,48550,49100,45250,2212561300,0.31,20240214,004000,롯데정밀화학,90075.0,8.56,0.55,5738.0,7.13,3500.0
37080,132600,133300,131000,132200,66588,8798994200,-1.78,20240214,011170,롯데케미칼,404799.0,77.04,0.33,1716.0,2.65,3500.0
37338,73700,74300,73700,74000,12434945,920046681339,-1.6,20240214,005930,삼성전자,57822.0,9.18,1.28,8057.0,1.95,1444.0
37344,35750,36350,35400,36200,126634,4566073650,0.0,20240214,029780,삼성카드,73934.0,6.21,0.49,5831.0,6.91,2500.0
37568,183100,187900,183100,184600,36212,6714434700,-1.18,20240214,004170,신세계,418209.0,4.47,0.44,41282.0,2.03,3750.0
38195,79900,80400,77700,78000,316229,24863640600,-3.47,20240214,139480,이마트,418373.0,2.08,0.19,37528.0,2.56,2000.0
38445,53900,54900,53200,54900,886156,47992420500,0.37,20240214,035720,카카오,22893.0,17.68,2.4,3106.0,0.11,60.0
38447,29000,30100,28650,29800,1138724,33610263650,0.34,20240214,323410,카카오뱅크,11988.0,53.89,2.49,553.0,0.27,80.0
39262,11920,11920,11750,11770,841566,9941753520,-0.25,20240215,034220,LG디스플레이,25521.0,0.0,0.46,0.0,0.0,0.0
39272,468000,488500,468000,483500,423918,203731088500,4.88,20240215,051910,LG화학,445524.0,20.43,1.09,23670.0,2.07,10000.0
39866,49600,49600,48500,48600,58785,2871617000,-1.02,20240215,004000,롯데정밀화학,90075.0,8.47,0.54,5738.0,7.2,3500.0
39872,133800,133800,131200,131300,49419,6510418600,-0.68,20240215,011170,롯데케미칼,404799.0,76.52,0.32,1716.0,2.67,3500.0
40130,74200,74400,73000,73000,14120600,1037048777500,-1.35,20240215,005930,삼성전자,57822.0,9.06,1.26,8057.0,1.98,1444.0
40136,36500,36500,35900,35950,78231,2821993150,-0.69,20240215,029780,삼성카드,73934.0,6.17,0.49,5831.0,6.95,2500.0
40360,186400,186500,181900,182400,39258,7177475900,-1.19,20240215,004170,신세계,418209.0,4.42,0.44,41282.0,2.06,3750.0
40988,77200,77600,75300,75800,280857,21436015200,-2.82,20240215,139480,이마트,418373.0,2.02,0.18,37528.0,2.64,2000.0
41238,56800,61400,56700,59200,10199107,609600124300,7.83,20240215,035720,카카오,22893.0,19.06,2.59,3106.0,0.1,60.0
41240,30350,31200,29800,29800,2148690,65253217100,0.0,20240215,323410,카카오뱅크,11988.0,53.89,2.49,553.0,0.27,80.0
42054,11890,12090,11810,11840,1389050,16528215630,0.59,20240216,034220,LG디스플레이,25521.0,0.0,0.46,0.0,0.0,0.0
42064,489000,515000,488000,504000,587439,296430643000,4.24,20240216,051910,LG화학,445524.0,21.29,1.13,23670.0,1.98,10000.0
42658,49050,50300,48850,49750,76050,3775177300,2.37,20240216,004000,롯데정밀화학,90075.0,8.67,0.55,5738.0,7.04,3500.0
42664,132700,137700,131300,137300,139204,18890919100,4.57,20240216,011170,롯데케미칼,404799.0,80.01,0.34,1716.0,2.55,3500.0
42922,73300,73400,72500,72800,13444781,979246120166,-0.27,20240216,005930,삼성전자,57822.0,9.04,1.26,8057.0,1.98,1444.0
42928,36250,36450,35850,36350,87811,3175572400,1.11,20240216,029780,삼성카드,73934.0,6.23,0.49,5831.0,6.88,2500.0
43152,182700,184400,180400,184400,54844,10002692266,1.1,20240216,004170,신세계,418209.0,4.47,0.44,41282.0,2.03,3750.0
43780,76000,77400,75500,77000,190688,14591634400,1.58,20240216,139480,이마트,418373.0,2.05,0.18,37528.0,2.6,2000.0
44030,59500,59700,58300,58400,2310632,136264153300,-1.35,20240216,035720,카카오,22893.0,18.8,2.55,3106.0,0.1,60.0
44032,30250,30500,29750,30100,845770,25477102950,1.01,20240216,323410,카카오뱅크,11988.0,54.43,2.51,553.0,0.27,80.0
44846,0,0,0,0,0,0,0.0,20240217,034220,LG디스플레이,0.0,0.0,0.0,0.0,0.0,0.0
44856,0,0,0,0,0,0,0.0,20240217,051910,LG화학,0.0,0.0,0.0,0.0,0.0,0.0
45450,0,0,0,0,0,0,0.0,20240217,004000,롯데정밀화학,0.0,0.0,0.0,0.0,0.0,0.0
45456,0,0,0,0,0,0,0.0,20240217,011170,롯데케미칼,0.0,0.0,0.0,0.0,0.0,0.0
45714,0,0,0,0,0,0,0.0,20240217,005930,삼성전자,0.0,0.0,0.0,0.0,0.0,0.0
45720,0,0,0,0,0,0,0.0,20240217,029780,삼성카드,0.0,0.0,0.0,0.0,0.0,0.0
45944,0,0,0,0,0,0,0.0,20240217,004170,신세계,0.0,0.0,0.0,0.0,0.0,0.0
46572,0,0,0,0,0,0,0.0,20240217,139480,이마트,0.0,0.0,0.0,0.0,0.0,0.0
46822,0,0,0,0,0,0,0.0,20240217,035720,카카오,0.0,0.0,0.0,0.0,0.0,0.0
46824,0,0,0,0,0,0,0.0,20240217,323410,카카오뱅크,0.0,0.0,0.0,0.0,0.0,0.0
47638,0,0,0,0,0,0,0.0,20240218,034220,LG디스플레이,0.0,0.0,0.0,0.0,0.0,0.0
47648,0,0,0,0,0,0,0.0,20240218,051910,LG화학,0.0,0.0,0.0,0.0,0.0,0.0
48242,0,0,0,0,0,0,0.0,20240218,004000,롯데정밀화학,0.0,0.0,0.0,0.0,0.0,0.0
48248,0,0,0,0,0,0,0.0,20240218,011170,롯데케미칼,0.0,0.0,0.0,0.0,0.0,0.0
48506,0,0,0,0,0,0,0.0,20240218,005930,삼성전자,0.0,0.0,0.0,0.0,0.0,0.0
48512,0,0,0,0,0,0,0.0,20240218,029780,삼성카드,0.0,0.0,0.0,0.0,0.0,0.0
48736,0,0,0,0,0,0,0.0,20240218,004170,신세계,0.0,0.0,0.0,0.0,0.0,0.0
49364,0,0,0,0,0,0,0.0,20240218,139480,이마트,0.0,0.0,0.0,0.0,0.0,0.0
49614,0,0,0,0,0,0,0.0,20240218,035720,카카오,0.0,0.0,0.0,0.0,0.0,0.0
49616,0,0,0,0,0,0,0.0,20240218,323410,카카오뱅크,0.0,0.0,0.0,0.0,0.0,0.0
50430,11840,12070,11780,12020,1952310,23327804860,1.52,20240219,034220,LG디스플레이,25521.0,0.0,0.47,0.0,0.0,0.0
50440,508000,520000,504000,508000,358152,183685798148,0.79,20240219,051910,LG화학,445524.0,21.46,1.14,23670.0,1.97,10000.0
51034,49850,50500,49500,49700,66792,3326447200,-0.1,20240219,004000,롯데정밀화학,90075.0,8.66,0.55,5738.0,7.04,3500.0
51040,136900,139300,136500,138400,95273,13176725100,0.8,20240219,011170,롯데케미칼,404799.0,80.65,0.34,1716.0,2.53,3500.0
51299,72800,73900,72800,73800,12726404,936829110513,1.37,20240219,005930,삼성전자,57822.0,9.16,1.28,8057.0,1.96,1444.0
51305,36350,36900,36200,36700,152136,5551944300,0.96,20240219,029780,삼성카드,73934.0,6.29,0.5,5831.0,6.81,2500.0
51529,184400,190300,183200,189500,48707,9180903000,2.77,20240219,004170,신세계,418209.0,4.59,0.45,41282.0,1.98,3750.0
52157,76900,77300,75600,76100,397178,30280524900,-1.17,20240219,139480,이마트,418373.0,2.03,0.18,37528.0,2.63,2000.0
52407,58800,59100,58100,58200,1409033,82389543600,-0.34,20240219,035720,카카오,22893.0,18.74,2.54,3106.0,0.1,60.0
52409,30300,30600,29850,30000,973489,29379037950,-0.33,20240219,323410,카카오뱅크,11988.0,54.25,2.5,553.0,0.27,80.0
53222,12050,12050,11800,11840,952163,11296163250,-1.5,20240220,034220,LG디스플레이,25521.0,0.0,0.46,0.0,0.0,0.0
53232,507000,513000,491500,506000,295676,148541275000,-0.39,20240220,051910,LG화학,445524.0,21.38,1.14,23670.0,1.98,10000.0
53826,50200,50200,49350,49350,47713,2364847150,-0.7,20240220,004000,롯데정밀화학,90075.0,8.6,0.55,5738.0,7.09,3500.0
53832,138500,138500,134000,134900,75232,10217718100,-2.53,20240220,011170,롯데케미칼,404799.0,78.61,0.33,1716.0,2.59,3500.0
54091,73700,73700,72800,73300,14681477,1074233851920,-0.68,20240220,005930,삼성전자,57822.0,9.1,1.27,8057.0,1.97,1444.0
54097,36900,37200,36450,37100,229300,8501432150,1.09,20240220,029780,삼성카드,73934.0,6.36,0.5,5831.0,6.74,2500.0
54321,190000,190000,184100,185300,30146,5597475000,-2.22,20240220,004170,신세계,418209.0,4.49,0.44,41282.0,2.02,3750.0
54949,76500,76700,74600,75000,241365,18152995900,-1.45,20240220,139480,이마트,418373.0,2.0,0.18,37528.0,2.67,2000.0
55199,57900,60000,57800,58700,1943466,114742931000,0.86,20240220,035720,카카오,22893.0,18.9,2.56,3106.0,0.1,60.0
55201,30000,30550,29450,29450,1039807,31100839650,-1.83,20240220,323410,카카오뱅크,11988.0,53.25,2.46,553.0,0.27,80.0
56014,11950,11950,11700,11740,1034972,12166293020,-0.84,20240221,034220,LG디스플레이,25521.0,0.0,0.46,0.0,0.0,0.0
56024,503000,504000,491000,500000,293801,146035680000,-1.19,20240221,051910,LG화학,445524.0,21.12,1.12,23670.0,2.0,10000.0
56618,49350,49550,48700,48950,87273,4269763950,-0.81,20240221,004000,롯데정밀화학,90075.0,8.53,0.54,5738.0,7.15,3500.0
56624,135900,135900,131500,132200,96873,12870199000,-2.0,20240221,011170,롯데케미칼,404799.0,77.04,0.33,1716.0,2.65,3500.0
56883,73400,73700,72900,73000,11503495,841682946896,-0.41,20240221,005930,삼성전자,57822.0,9.06,1.26,8057.0,1.98,1444.0
56889,37150,37250,36250,36900,207710,7607840500,-0.54,20240221,029780,삼성카드,73934.0,6.33,0.5,5831.0,6.78,2500.0
57113,185300,188000,183500,185600,29843,5546469900,0.16,20240221,004170,신세계,418209.0,4.5,0.44,41282.0,2.02,3750.0
57741,75400,76200,75100,75600,113721,8579283300,0.8,20240221,139480,이마트,418373.0,2.01,0.18,37528.0,2.65,2000.0
57991,58800,58900,58000,58000,844219,49242265500,-1.19,20240221,035720,카카오,22893.0,18.67,2.53,3106.0,0.1,60.0
57993,29700,30100,29350,29600,608800,18087883700,0.51,20240221,323410,카카오뱅크,11988.0,53.53,2.47,553.0,0.27,80.0
58806,11800,11850,11670,11680,605379,7097896990,-0.51,20240222,034220,LG디스플레이,25521.0,0.0,0.46,0.0,0.0,0.0
58816,495000,502000,481000,481000,451942,220416034000,-3.8,20240222,051910,LG화학,445524.0,20.32,1.08,23670.0,2.08,10000.0
59409,49250,49250,48250,48500,104932,5087605700,-0.92,20240222,004000,롯데정밀화학,90075.0,8.45,0.54,5738.0,7.22,3500.0
59415,133500,133600,130000,130300,110304,14437518400,-1.44,20240222,011170,롯데케미칼,404799.0,75.93,0.32,1716.0,2.69,3500.0
59674,73800,73900,72700,73100,15208934,1111907697100,0.14,20240222,005930,삼성전자,57822.0,9.07,1.26,8057.0,1.98,1444.0
59680,37250,37500,36450,37200,135123,5026896900,0.81,20240222,029780,삼성카드,73934.0,6.38,0.5,5831.0,6.72,2500.0
59904,188600,188700,182800,183300,21824,4011872500,-1.24,20240222,004170,신세계,418209.0,4.44,0.44,41282.0,2.05,3750.0
60532,75900,76000,74800,74800,117413,8811003900,-1.06,20240222,139480,이마트,418373.0,1.99,0.18,37528.0,2.67,2000.0
60782,58600,58900,57700,57900,972001,56511873400,-0.17,20240222,035720,카카오,22893.0,18.64,2.53,3106.0,0.1,60.0
60784,29850,30200,29500,29650,738712,22053987050,0.17,20240222,323410,카카오뱅크,11988.0,53.62,2.47,553.0,0.27,80.0
61598,11750,11760,11460,11550,1246301,14394674750,-1.11,20240223,034220,LG디스플레이,25521.0,0.0,0.45,0.0,0.0,0.0
61608,478500,482000,467000,472000,512499,242561469000,-1.87,20240223,051910,LG화학,445524.0,19.94,1.06,23670.0,2.12,10000.0
62201,48650,48750,48100,48100,53814,2601160900,-0.82,20240223,004000,롯데정밀화학,90075.0,8.38,0.53,5738.0,7.28,3500.0
62207,130800,131500,129000,129200,93830,12177971600,-0.84,20240223,011170,롯데케미칼,404799.0,75.29,0.32,1716.0,2.71,3500.0
62466,73600,74200,72900,72900,16225166,1189838938900,-0.27,20240223,005930,삼성전자,57822.0,9.05,1.26,8057.0,1.98,1444.0
62472,37250,38000,36850,38000,196252,7428265250,2.15,20240223,029780,삼성카드,73934.0,6.52,0.51,5831.0,6.58,2500.0
62696,183500,185400,181700,185300,24585,4537438100,1.09,20240223,004170,신세계,418209.0,4.49,0.44,41282.0,2.02,3750.0
63324,74900,75400,74100,75200,147935,11072593100,0.53,20240223,139480,이마트,418373.0,2.0,0.18,37528.0,2.66,2000.0
63575,58100,58200,56600,57100,1330016,76116096100,-1.38,20240223,035720,카카오,22893.0,18.38,2.49,3106.0,0.11,60.0
63577,29600,30350,29400,30100,943380,28309627300,1.52,20240223,323410,카카오뱅크,11988.0,54.43,2.51,553.0,0.27,80.0
64392,0,0,0,0,0,0,0.0,20240224,034220,LG디스플레이,0.0,0.0,0.0,0.0,0.0,0.0
64402,0,0,0,0,0,0,0.0,20240224,051910,LG화학,0.0,0.0,0.0,0.0,0.0,0.0
64995,0,0,0,0,0,0,0.0,20240224,004000,롯데정밀화학,0.0,0.0,0.0,0.0,0.0,0.0
65001,0,0,0,0,0,0,0.0,20240224,011170,롯데케미칼,0.0,0.0,0.0,0.0,0.0,0.0
65260,0,0,0,0,0,0,0.0,20240224,005930,삼성전자,0.0,0.0,0.0,0.0,0.0,0.0
65266,0,0,0,0,0,0,0.0,20240224,029780,삼성카드,0.0,0.0,0.0,0.0,0.0,0.0
65490,0,0,0,0,0,0,0.0,20240224,004170,신세계,0.0,0.0,0.0,0.0,0.0,0.0
66118,0,0,0,0,0,0,0.0,20240224,139480,이마트,0.0,0.0,0.0,0.0,0.0,0.0
66369,0,0,0,0,0,0,0.0,20240224,035720,카카오,0.0,0.0,0.0,0.0,0.0,0.0
66371,0,0,0,0,0,0,0.0,20240224,323410,카카오뱅크,0.0,0.0,0.0,0.0,0.0,0.0
67186,0,0,0,0,0,0,0.0,20240225,034220,LG디스플레이,0.0,0.0,0.0,0.0,0.0,0.0
67196,0,0,0,0,0,0,0.0,20240225,051910,LG화학,0.0,0.0,0.0,0.0,0.0,0.0
67789,0,0,0,0,0,0,0.0,20240225,004000,롯데정밀화학,0.0,0.0,0.0,0.0,0.0,0.0
67795,0,0,0,0,0,0,0.0,20240225,011170,롯데케미칼,0.0,0.0,0.0,0.0,0.0,0.0
68054,0,0,0,0,0,0,0.0,20240225,005930,삼성전자,0.0,0.0,0.0,0.0,0.0,0.0
68060,0,0,0,0,0,0,0.0,20240225,029780,삼성카드,0.0,0.0,0.0,0.0,0.0,0.0
68284,0,0,0,0,0,0,0.0,20240225,004170,신세계,0.0,0.0,0.0,0.0,0.0,0.0
68912,0,0,0,0,0,0,0.0,20240225,139480,이마트,0.0,0.0,0.0,0.0,0.0,0.0
69163,0,0,0,0,0,0,0.0,20240225,035720,카카오,0.0,0.0,0.0,0.0,0.0,0.0
69165,0,0,0,0,0,0,0.0,20240225,323410,카카오뱅크,0.0,0.0,0.0,0.0,0.0,0.0
69980,11630,11660,11500,11520,585855,6781425400,-0.26,20240226,034220,LG디스플레이,25521.0,0.0,0.45,0.0,0.0,0.0
69990,470500,475000,459000,472500,376704,176372318870,0.11,20240226,051910,LG화학,445524.0,19.96,1.06,23670.0,2.12,10000.0
70583,48550,48650,47350,47450,64639,3084565500,-1.35,20240226,004000,롯데정밀화학,90075.0,8.27,0.53,5738.0,7.38,3500.0
70589,129300,129500,125000,125900,134851,17036687700,-2.55,20240226,011170,롯데케미칼,404799.0,73.37,0.31,1716.0,2.78,3500.0
70848,72300,73200,72200,72800,14669352,1067725992988,-0.14,20240226,005930,삼성전자,57822.0,9.04,1.26,8057.0,1.98,1444.0
70854,38000,38000,35800,36200,218762,7944638150,-4.74,20240226,029780,삼성카드,73934.0,6.21,0.49,5831.0,6.91,2500.0
71078,183600,185000,175100,175100,70966,12579089400,-5.5,20240226,004170,신세계,418209.0,4.24,0.42,41282.0,2.14,3750.0
71706,75200,75300,72500,73100,224698,16449331200,-2.79,20240226,139480,이마트,418373.0,1.95,0.17,37528.0,2.74,2000.0
71957,57500,58000,57000,57100,871467,49942762700,0.0,20240226,035720,카카오,22893.0,18.38,2.49,3106.0,0.11,60.0
71959,30400,30450,29850,30150,686199,20711016450,0.17,20240226,323410,카카오뱅크,11988.0,54.52,2.52,553.0,0.27,80.0
72774,11540,11540,11090,11130,1403272,15832408340,-3.39,20240227,034220,LG디스플레이,25521.0,0.0,0.44,0.0,0.0,0.0
72784,488500,494000,465000,466000,359912,170971911500,-1.38,20240227,051910,LG화학,445524.0,19.69,1.05,23670.0,2.15,10000.0
73377,47450,47850,46750,46900,70143,3302168100,-1.16,20240227,004000,롯데정밀화학,90075.0,8.17,0.52,5738.0,7.46,3500.0
73383,125900,126800,124800,125500,74884,9411712600,-0.32,20240227,011170,롯데케미칼,404799.0,73.14,0.31,1716.0,2.79,3500.0
73642,73100,73400,72700,72900,13201981,963297077300,0.14,20240227,005930,삼성전자,57822.0,9.05,1.26,8057.0,1.98,1444.0
73648,36150,36650,35550,36150,102407,3707639150,-0.14,20240227,029780,삼성카드,73934.0,6.2,0.49,5831.0,6.92,2500.0
73872,175000,175500,171000,171300,36583,6326438200,-2.17,20240227,004170,신세계,418209.0,4.15,0.41,41282.0,2.19,3750.0
74501,72800,74700,72700,73200,125949,9288099200,0.14,20240227,139480,이마트,418373.0,1.95,0.17,37528.0,2.73,2000.0
74752,57200,57700,56300,56800,1022628,58053396700,-0.53,20240227,035720,카카오,22893.0,18.29,2.48,3106.0,0.11,60.0
74754,30350,30650,29450,29550,705231,21071781900,-1.99,20240227,323410,카카오뱅크,11988.0,53.44,2.46,553.0,0.27,80.0
75569,11140,11370,11140,11320,1065472,12010356570,1.71,20240228,034220,LG디스플레이,25521.0,0.0,0.44,0.0,0.0,0.0
75579,469000,472500,463500,464500,186537,87118793500,-0.32,20240228,051910,LG화학,445524.0,19.62,1.04,23670.0,2.15,10000.0
76172,46950,47650,46950,47650,44457,2104876100,1.6,20240228,004000,롯데정밀화학,90075.0,8.3,0.53,5738.0,7.35,3500.0
76178,125000,127200,125000,127100,63549,8022531400,1.27,20240228,011170,롯데케미칼,404799.0,74.07,0.31,1716.0,2.75,3500.0
76437,72900,73900,72800,73200,11795859,866532716548,0.41,20240228,005930,삼성전자,57822.0,9.09,1.27,8057.0,1.97,1444.0
76443,36150,36450,35650,36450,48207,1738064850,0.83,20240228,029780,삼성카드,73934.0,6.25,0.49,5831.0,6.86,2500.0
76667,171300,178700,171000,177000,39823,6999242600,3.33,20240228,004170,신세계,418209.0,4.29,0.42,41282.0,2.12,3750.0
77296,73300,75500,73300,74900,101979,7620271500,2.32,20240228,139480,이마트,418373.0,2.0,0.18,37528.0,2.67,2000.0
77547,56800,57400,55200,55600,1463434,81621108100,-2.11,20240228,035720,카카오,22893.0,17.9,2.43,3106.0,0.11,60.0
77549,29700,29900,28450,28650,912643,26423592050,-3.05,20240228,323410,카카오뱅크,11988.0,51.81,2.39,553.0,0.28,80.0
78365,11210,11380,10940,11380,2850393,31987134210,0.53,20240229,034220,LG디스플레이,25521.0,0.0,0.45,0.0,0.0,0.0
78375,459500,465000,453000,453000,448418,204300797000,-2.48,20240229,051910,LG화학,445524.0,19.14,1.02,23670.0,2.21,10000.0
78967,47350,48050,47250,47500,58776,2799000950,-0.31,20240229,004000,롯데정밀화학,90075.0,8.28,0.53,5738.0,7.37,3500.0
78973,125900,126000,122100,122400,148942,18365143900,-3.7,20240229,011170,롯데케미칼,404799.0,71.33,0.3,1716.0,2.86,3500.0
79231,72600,73400,72000,73400,21176403,1543929097874,0.27,20240229,005930,삼성전자,57822.0,9.11,1.27,8057.0,1.97,1444.0
79237,36450,37950,36250,37550,167862,6307500150,3.02,20240229,029780,삼성카드,73934.0,6.44,0.51,5831.0,6.66,2500.0
79462,175000,177700,174800,174800,31774,5569279200,-1.24,20240229,004170,신세계,418209.0,4.23,0.42,41282.0,2.15,3750.0
80093,74900,75400,73700,74000,92423,6873548700,-1.2,20240229,139480,이마트,418373.0,1.97,0.18,37528.0,2.7,2000.0
80344,55100,55300,53000,53300,3056344,164098960200,-4.14,20240229,035720,카카오,22893.0,17.16,2.33,3106.0,0.11,60.0
80346,28400,28850,28100,28450,928091,26372557396,-0.7,20240229,323410,카카오뱅크,11988.0,51.45,2.37,553.0,0.28,80.0
